{
  "rf_signal_summary": {
    "margin": {
      "mean": -0.0027999996673315763,
      "std": 0.10127430409193039,
      "min": -0.4699999988079071,
      "max": 0.4749999940395355,
      "p05": -0.14000000059604645,
      "p50": -0.014999999664723873,
      "p95": 0.18000000715255737
    },
    "entropy": {
      "mean": 2.1503257751464844,
      "std": 0.1330527663230896,
      "min": 1.3168445825576782,
      "max": 2.2915682792663574,
      "p05": 1.897573471069336,
      "p50": 2.191293239593506,
      "p95": 2.2679343223571777
    }
  },
  "rf_irt_correlations": {
    "margin": {
      "pearson": -0.8286201375113925,
      "spearman": -0.7914636941712078
    },
    "entropy": {
      "pearson": 0.6781969132131275,
      "spearman": 0.5547502237696813
    }
  }
}